wallet,label,case,source,firstTradeDate,marketsTraded,totalBuyUsd,won,notes
0x6f53691020762651d14e5a543519e14d5c8654fd,newsNamed,iran-feb28,Bubblemaps name Lettucehead718,2026-02-22,10,68899,yes,"Profile created 2026-02-22. Pseudonym Jam-Packed-Prostacyclin. Identical timestamps with suffix-295 (No sells 2026-02-27 00:13:44Z; Yes buys 2026-02-28 06:57:53Z). Bought the US-strikes date ladder: No on Feb 22-26, Yes on Feb 28 (avg ~0.61, redeem ~$58k). Won."
0xb390ae2cc3fd8cb2670a62129faeb775faee106c,newsNamed,iran-feb28,Bubblemaps name suffix-295,2026-02-22,10,62624,yes,"Profile created 2026-02-22. Pseudonym Conventional-Consul. Mirror of Lettucehead718 (same timestamps and the same No-then-Yes ladder). Feb 28 Yes redeem ~$52k. Won."
0x1caa6a7ad0c6916aef7b67946de2e57ad24846a0,newsNamed,iran-feb28,Block Scholes pseudonym Careless-Bug,2026-02-25,15,230941,yes,"Profile created 2026-02-25. Default username. ~$61k Yes on US strikes Iran by Feb 28 at avg 0.112; redeem ~$561k. Also bought Iranian-regime-fall Yes at 0.04-0.28. Won the Feb 28 strike."
0xa4eb52229991c074bc560f825bf2776d77acd010,newsNamed,iran-feb28,Block Scholes pseudonym Wet-Film,2026-02-28,7,116177,yes,"News username nothingeverhappens911 was not on the tape; current name is djijaij83jdo4jdlwjflsg, pseudonym Wet-Film. Profile created 2026-02-28 00:48Z, first trade 7 minutes later. ~$7.6k Yes on Feb 28 at 0.19 (redeem ~$40k) and ~$11k Yes on Mar 1. Also traded US-Iran ceasefire. Won."
0xca886a7ed635c3b770fccfd251c86eec34967caa,newsNamed,iran-feb28,news pseudonym Courteous-Epoch,2026-02-01,143,66526,yes,"Current name Mdb2303. Profile created 2026-01-09, so not a fresh narrow account (143 markets). ~$6.4k unsold Yes on Feb 28 at avg 0.188 and ~$45k Yes on Mar 15 at 0.615. Those markets resolved Yes."
0x9c274a7dfe8829cc8e178b27e3ff5eb7bdb5d050,newsNamed,iran-feb28,news pseudonym Aware-Initialize,2026-01-28,59,164913,yes,"Default username. Profile created 2026-01-27. ~$5.4k Yes on Feb 28 (redeem ~$24k) plus larger regime-fall buys. Feb 28 strike won; not a <=5 market account."
0x09d3273fa76282ce09f4f35a87d6f087c05f4e84,newsNamed,iran-cluster,Bubblemaps published address,2026-02-15,11,88226,yes,"Name fuego66, pseudonym Those-Outrage. Profile created 2026-02-15. ~$56k Yes on US strikes Iran by Feb 28 at avg 0.142; redeem $362,607. Also $1,950 Yes at 0.15 on US/Israel strike by Feb 28 (redeem $13,000). Side bets on bitcoin and regime-fall. Activity has no deposit rows, so the funding parent was not visible."
0x31a56e9e690c621ed21de08cb559e9524cdb8ed9,inferred,venezuela-maduro,size and timing match to reported ~$33k Yes,2025-12-27,4,33934,yes,"Pseudonym Burdensome-Mix. Profile created 2025-12-26. Pattern: fresh account <=14 days, 4 markets, Yes at avg 0.075, buy >=$1000, won. $32,538 on Maduro out by Jan 31 2026; redeem $436,760 (profit ~$404k, next to the reported ~$409,881). Also small buys on US-forces / invade / war-powers Venezuela markets."
0xa72db1749e9ac2379d49a3c12708325ed17febd4,inferred,venezuela-maduro,same market and price band as the $33k account,2026-01-02,1,5783,yes,"Pseudonym Wee-Pseudoscience. Profile created 2025-12-24. One trade: $5,783 Yes at 0.072 on Maduro out by Jan 31 2026 on 2026-01-02; redeem $80,765. Meets fresh <=14 days, <=5 markets, price <=0.30, buy >=$1000, won. Smaller than the news $33k figure."
